zamestnanec_id,jmeno,prijmeni,stredisko_id,pozice,hruba_mzda,datum_nastupu,stav,typ_uvazku,email
EMP0001,Nina,Bárta,STR018,Analytik,117635.0,2020-04-24,Aktivní,Plný úvazek,rkopecka@example.net
EMP0002,Rudolf,Vaněk,STR041,Inženýr,97257.0,2020-04-23,Aktivní,Plný úvazek,hubert59@example.com
EMP0003,Lumír,Šťastná,STR031,Ředitel,68523.0,2022-01-30,Aktivní,Plný úvazek,vlastakralova@example.net
EMP0004,Markéta,Šťastný,STR031,Účetní,103635.0,2021-09-22,Aktivní,Plný úvazek,dita82@example.org
EMP0005,Miloslava,Růžičková,STR037,Správce,91153.0,2019-09-22,Aktivní,Plný úvazek,radek99@example.com
EMP0006,Marcela,Kratochvílová,STR006,Technik,38898.0,2022-04-20,Aktivní,DPP,kovarovalucie@example.org
EMP0007,Naděžda,Machová,STR050,Asistent,62995.0,2021-06-04,Aktivní,Plný úvazek,upolakova@example.com
EMP0008,Nora,Černá,STR020,Koordinátor,85135.0,2023-09-14,Neaktivní,Plný úvazek,polakvitezslav@example.net
EMP0009,Peter,Pospíšilová,STR041,Technik,52347.0,2021-03-23,Aktivní,Plný úvazek,konecnazdenka@example.net
EMP0010,Irena,Holub,STR012,Asistent,34906.0,2021-08-01,Aktivní,Plný úvazek,tesarnorbert@example.org
EMP0011,Samuel,Kopecký,STR045,Koordinátor,71232.0,2023-12-12,Aktivní,Plný úvazek,beranovaklara@example.com
EMP0012,Ignác,Dušková,STR046,Operátor,92675.0,2022-02-15,Aktivní,Plný úvazek,rostislav67@example.com
EMP0013,Zikmund,Kopecký,STR017,Konzultant,100795.0,2021-07-06,Neaktivní,Plný úvazek,vitkovadrahoslava@example.com
EMP0014,Vilém,Liška,STR008,Asistent,48682.0,2023-08-30,Aktivní,Plný úvazek,dfialova@example.net
EMP0015,Štěpán,Jelínek,STR005,Analytik,43265.0,2020-06-27,Aktivní,DPP,zkaspar@example.com
EMP0016,Ester,Vaňková,STR029,Účetní,71120.0,2022-02-17,Aktivní,Plný úvazek,umullerova@example.net
EMP0017,Monika,Kratochvílová,STR033,Asistent,73429.0,2021-12-12,Aktivní,DPP,vkratochvil@example.com
EMP0018,Patricie,Pospíšil,STR028,Specialista,57654.0,2019-05-05,Aktivní,Plný úvazek,simekmatej@example.net
EMP0019,Štěpánka,Němečková,STR015,Správce,104908.0,2019-12-02,Neaktivní,DPP,kolarvilem@example.org
EMP0020,Dagmar,Novák,STR049,Správce,103571.0,2019-02-15,Neaktivní,Plný úvazek,miladakratochvilova@example.net
EMP0021,Jakub,Kolář,STR031,Asistent,87939.0,2020-11-09,Aktivní,Plný úvazek,jandaroman@example.net
EMP0022,Mojmír,Sýkorová,STR041,Inženýr,73239.0,2023-10-13,Aktivní,Plný úvazek,blazeksimon@example.com
EMP0023,Hedvika,Kovářová,STR027,Obchodník,57537.0,2022-10-18,Aktivní,Plný úvazek,dbilkova@example.org
EMP0024,Miloslava,Žák,STR027,Specialista,73583.0,2022-08-04,Aktivní,Částečný úvazek,bstrnadova@example.net
EMP0025,Květoslava,Holubová,STR030,Účetní,56936.0,2019-04-22,Aktivní,Plný úvazek,kucerovamagdalena@example.com
EMP0026,Milena,Kopecká,STR033,Inženýr,118907.0,2023-06-05,Aktivní,Plný úvazek,omatouskova@example.com
EMP0027,Vilém,Růžička,STR004,Technik,75696.0,2023-07-12,Neaktivní,Plný úvazek,stepanka06@example.com
EMP0028,Marcela,Štěpánková,STR049,Analytik,46727.0,2023-11-07,Aktivní,Plný úvazek,nemecekfilip@example.net
EMP0029,Bohuslav,Bartošová,STR029,Dispečer,92239.0,2022-02-14,Aktivní,Plný úvazek,qkubickova@example.org
EMP0030,Jan,Pešková,STR046,Manažer,56589.0,2021-07-30,Aktivní,Částečný úvazek,matyas72@example.org
EMP0031,Alžběta,Vlček,STR006,Technik,119288.0,2023-06-21,Aktivní,Plný úvazek,krystofnemec@example.com
EMP0032,Iva,Vávrová,STR042,Inženýr,42165.0,2020-03-18,Aktivní,Částečný úvazek,blanka64@example.org
EMP0033,Simona,Beran,STR027,Inženýr,72390.0,2021-12-16,Aktivní,Plný úvazek,wcerny@example.org
EMP0034,Hubert,Žáková,STR036,Manažer,63290.0,2024-01-06,Neaktivní,Částečný úvazek,vitkovaandela@example.org
EMP0035,Stanislav,Beránek,STR005,Operátor,99086.0,2020-06-04,Aktivní,Plný úvazek,pkral@example.org
EMP0036,Slavěna,Říhová,STR018,Inženýr,28236.0,2024-08-02,Aktivní,DPP,sedlackovajolana@example.com
EMP0037,Alexandra,Vítková,STR010,Ředitel,77549.0,2024-05-20,Aktivní,Plný úvazek,janstrnad@example.net
EMP0038,Lubomír,Žáková,STR049,Asistent,62703.0,2025-01-30,Aktivní,Plný úvazek,kraleduard@example.net
EMP0039,Bohuslav,Sýkora,STR037,Programátor,49488.0,2021-07-28,Aktivní,Plný úvazek,ysedlakova@example.com
EMP0040,Samuel,Fišer,STR048,Ředitel,92881.0,2022-06-18,Aktivní,Plný úvazek,ostankova@example.org
EMP0041,Karel,Strnadová,STR032,Analytik,39615.0,2020-08-07,Neaktivní,Plný úvazek,eliskasedlackova@example.org
EMP0042,Jarmila,Konečná,STR029,Účetní,76387.0,2020-01-08,Aktivní,Plný úvazek,klaudie18@example.net
EMP0043,Iveta,Beneš,STR027,Inženýr,88240.0,2020-07-05,Aktivní,Plný úvazek,vanda16@example.com
EMP0044,Renata,Ševčíková,STR017,Obchodník,85340.0,2024-02-28,Aktivní,Plný úvazek,mullerjindrich@example.net
EMP0045,Žofie,Pokorná,STR044,Inženýr,77093.0,2022-07-30,Aktivní,Plný úvazek,zdislavazakova@example.com
EMP0046,Růžena,Čechová,STR003,Koordinátor,34295.0,2024-12-17,Aktivní,Plný úvazek,uprokop@example.org
EMP0047,Jaroslav,Sedláček,STR028,Účetní,97954.0,2019-11-28,Aktivní,Plný úvazek,wpavlicek@example.com
EMP0048,Květoslava,Tesař,STR045,Operátor,111115.0,2020-10-04,Aktivní,Plný úvazek,pavlikovamartina@example.org
EMP0049,Tereza,Moravec,STR019,Obchodník,62485.0,2019-07-10,Aktivní,Plný úvazek,mariankubicek@example.com
EMP0050,Barbora,Krejčová,STR027,Koordinátor,90726.0,2024-11-06,Aktivní,Plný úvazek,pokornajana@example.org
EMP0051,Zdeněk,Šťastná,STR006,Koordinátor,108117.0,2020-11-09,Neaktivní,Plný úvazek,vanda83@example.net
EMP0052,Soňa,Petrová,STR038,Manažer,49361.0,2024-06-22,Aktivní,Plný úvazek,ydolezalova@example.org
EMP0053,Jonáš,Staněk,STR043,Analytik,110700.0,2021-10-03,Aktivní,Plný úvazek,maseklukas@example.com
EMP0054,Kateřina,Havlíčková,STR011,Účetní,68639.0,2025-01-08,Aktivní,DPP,wkolarova@example.com
EMP0055,Hedvika,Urban,STR041,Programátor,91509.0,2022-04-01,Aktivní,Plný úvazek,truzicka@example.com
EMP0056,Vratislav,Jaroš,STR025,Inženýr,72455.0,2021-02-15,Aktivní,Plný úvazek,kratochvilferdinand@example.net
EMP0057,René,Marek,STR037,Operátor,119328.0,2022-12-02,Aktivní,Plný úvazek,vavrazdenek@example.com
EMP0058,Bohumila,Horák,STR018,Analytik,80065.0,2023-05-02,Aktivní,DPP,kopeckylubomir@example.com
EMP0059,Radomír,Strnad,STR019,Konzultant,101495.0,2024-06-18,Neaktivní,Plný úvazek,urbanovasarka@example.org
EMP0060,Apolena,Čech,STR041,Technik,85122.0,2021-05-08,Aktivní,Plný úvazek,ruzickovaludmila@example.net
EMP0061,Marcel,Pavlíková,STR020,Konzultant,68556.0,2019-05-03,Neaktivní,Plný úvazek,ahorvath@example.net
EMP0062,Božena,Hájková,STR006,Dispečer,55150.0,2020-05-14,Aktivní,Plný úvazek,vcermakova@example.org
EMP0063,Dušan,Pokorný,STR009,Konzultant,77626.0,2021-02-22,Aktivní,Částečný úvazek,ejanda@example.com
EMP0064,Vendula,Fiala,STR018,Inženýr,43138.0,2024-07-09,Aktivní,Plný úvazek,rnovakova@example.org
EMP0065,Miroslav,Kovář,STR008,Ředitel,116586.0,2022-09-10,Aktivní,Plný úvazek,fstrnad@example.org
EMP0066,Ludvík,Krejčová,STR036,Obchodník,36308.0,2023-05-08,Aktivní,Plný úvazek,vlasta86@example.com
EMP0067,Nora,Stejskal,STR035,Účetní,69840.0,2021-11-10,Aktivní,DPP,tbrozova@example.net
EMP0068,Ferdinand,Müllerová,STR041,Obchodník,37968.0,2023-03-02,Aktivní,Plný úvazek,vlckovajirina@example.net
EMP0069,Teodor,Procházka,STR040,Dispečer,114772.0,2019-03-05,Aktivní,DPP,hajkovaklaudie@example.org
EMP0070,Igor,Kratochvíl,STR042,Účetní,86457.0,2021-05-17,Aktivní,Plný úvazek,maskovasona@example.net
EMP0071,Simona,Soukup,STR008,Manažer,32172.0,2023-06-22,Aktivní,Plný úvazek,janeckovalucie@example.net
EMP0072,Bohumila,Svobodová,STR008,Účetní,49602.0,2024-06-01,Aktivní,Plný úvazek,rfiala@example.org
EMP0073,Anděla,Němečková,STR030,Obchodník,89685.0,2023-04-02,Aktivní,Plný úvazek,zprochazkova@example.org
EMP0074,Miroslava,Janda,STR027,Správce,37110.0,2020-08-16,Aktivní,DPP,pnavratil@example.org
EMP0075,Andrea,Konečný,STR018,Analytik,91506.0,2023-06-21,Aktivní,Plný úvazek,blahovailona@example.com
EMP0076,Dana,Čermáková,STR016,Inženýr,61367.0,2023-11-18,Aktivní,Částečný úvazek,nemcovamagdalena@example.net
EMP0077,Mahulena,Růžička,STR004,Programátor,53381.0,2022-12-01,Aktivní,Plný úvazek,fkovarova@example.com
EMP0078,Jakub,Matějková,STR043,Technik,87037.0,2019-12-03,Neaktivní,Plný úvazek,moravcovamarta@example.net
EMP0079,Adéla,Bílek,STR022,Technik,118972.0,2019-06-18,Neaktivní,Plný úvazek,janeckovaalzbeta@example.net
EMP0080,Aneta,Macháčková,STR049,Asistent,47058.0,2019-08-31,Aktivní,Plný úvazek,vlckovaiva@example.com
EMP0081,Zdislava,Pokorná,STR050,Manažer,100555.0,2022-07-30,Neaktivní,Plný úvazek,lsedlacek@example.net
EMP0082,Nina,Novotná,STR010,Manažer,77700.0,2022-01-01,Aktivní,Plný úvazek,eholub@example.com
EMP0083,Markéta,Švec,STR009,Analytik,60958.0,2019-03-08,Aktivní,DPP,dusanhajek@example.com
EMP0084,Marta,Stejskalová,STR002,Manažer,52414.0,2022-07-11,Aktivní,Plný úvazek,qslavik@example.com
EMP0085,Ctirad,Dušková,STR008,Specialista,33847.0,2024-10-16,Aktivní,Plný úvazek,kratochvilovakristyna@example.com
EMP0086,Luboš,Vlčková,STR038,Účetní,69584.0,2024-08-25,Aktivní,DPP,stepanka08@example.com
EMP0087,Martina,Černý,STR047,Konzultant,111605.0,2019-05-19,Aktivní,Plný úvazek,pospisilradoslav@example.net
EMP0088,Vilma,Němečková,STR042,Analytik,33596.0,2024-01-12,Aktivní,Plný úvazek,dvavrova@example.org
EMP0089,Andrea,Kratochvílová,STR044,Účetní,73105.0,2023-09-04,Aktivní,Plný úvazek,konecnyvilem@example.net
EMP0090,Štěpánka,Jelínek,STR021,Koordinátor,41647.0,2019-10-19,Aktivní,Plný úvazek,sykorovaklaudie@example.net
EMP0091,Ondřej,Sýkora,STR046,Obchodník,63043.0,2025-01-16,Neaktivní,Částečný úvazek,jbenes@example.com
EMP0092,Jonáš,Navrátil,STR030,Asistent,83699.0,2022-03-14,Aktivní,Plný úvazek,nemcovaeliska@example.net
EMP0093,Mojmír,Hrušková,STR047,Inženýr,47782.0,2025-01-28,Aktivní,Plný úvazek,veraurbanova@example.com
EMP0094,Michaela,Horáčková,STR022,Inženýr,69722.0,2023-07-14,Aktivní,Plný úvazek,dpavlicek@example.net
EMP0095,Milan,Zeman,STR028,Obchodník,89190.0,2022-05-26,Aktivní,Plný úvazek,stejskalhorymir@example.org
EMP0096,Barbora,Vlčková,STR005,Účetní,104523.0,2024-03-18,Aktivní,Plný úvazek,iveta84@example.org
EMP0097,Bohumila,Štěpánková,STR048,Specialista,62284.0,2019-12-23,Aktivní,Částečný úvazek,verafiserova@example.com
EMP0098,Šárka,Toman,STR038,Asistent,79675.0,2019-07-26,Aktivní,Plný úvazek,robertnemec@example.com
EMP0099,Robert,Strnadová,STR043,Konzultant,66910.0,2022-11-10,Aktivní,Plný úvazek,slavikroman@example.org
EMP0100,Marta,Čech,STR023,Účetní,81169.0,2022-05-25,Aktivní,Plný úvazek,vitezslavurban@example.com
EMP0101,Lenka,Procházková,STR015,Inženýr,37956.0,2024-04-20,Aktivní,Plný úvazek,pavlikbedrich@example.org
EMP0102,Vlasta,Marková,STR049,Operátor,80817.0,2020-03-07,Aktivní,Částečný úvazek,drahoslavmusil@example.org
EMP0103,Petra,Beneš,STR002,Koordinátor,113476.0,2025-02-19,Aktivní,Plný úvazek,matejkaivan@example.org
EMP0104,Simona,Procházka,STR018,Specialista,98142.0,2020-11-30,Aktivní,Plný úvazek,samuelstastny@example.org
EMP0105,Helena,Sedláčková,STR012,Inženýr,41179.0,2018-12-18,Aktivní,Plný úvazek,uvlcek@example.net
EMP0106,Tereza,Kovářová,STR048,Správce,117407.0,2020-06-26,Aktivní,Částečný úvazek,svobodovabozena@example.org
EMP0107,Dana,Němec,STR025,Programátor,69735.0,2021-04-22,Aktivní,Plný úvazek,moravcovadorota@example.net
EMP0108,Kamil,Černá,STR047,Obchodník,99469.0,2022-05-22,Neaktivní,DPP,tomanmilos@example.org
EMP0109,Dobroslav,Šťastný,STR004,Manažer,42482.0,2019-11-05,Neaktivní,Plný úvazek,kopeckamaria@example.com
EMP0110,Naděžda,Kopecký,STR018,Ředitel,88898.0,2019-10-23,Aktivní,DPP,prochazkasvatoslav@example.net
EMP0111,Radoslav,Kubíček,STR027,Operátor,47832.0,2023-11-07,Aktivní,Plný úvazek,buresrobin@example.net
EMP0112,Zdeněk,Hrušková,STR028,Účetní,54059.0,2022-10-06,Neaktivní,Plný úvazek,okonecny@example.com
EMP0113,Alena,Dvořáková,STR043,Operátor,32178.0,2024-10-20,Aktivní,DPP,alenanemcova@example.com
EMP0114,Oldřich,Fiala,STR001,Technik,55731.0,2019-07-05,Aktivní,Plný úvazek,ltoman@example.com
EMP0115,Miroslava,Staňková,STR019,Obchodník,39039.0,2021-10-04,Aktivní,Plný úvazek,stanislavakovarova@example.org
EMP0116,Ladislava,Horáčková,STR009,Programátor,76998.0,2020-11-11,Aktivní,Částečný úvazek,jarosovanikola@example.net
EMP0117,Jolana,Macháčková,STR043,Konzultant,60583.0,2025-02-27,Aktivní,Plný úvazek,lydiebednarova@example.net
EMP0118,Ludmila,Říha,STR002,Ředitel,112747.0,2023-10-14,Aktivní,DPP,sedlackovaapolena@example.net
EMP0119,Viktorie,Slavík,STR037,Programátor,93274.0,2023-09-16,Aktivní,Plný úvazek,strnadradim@example.org
EMP0120,Robin,Navrátilová,STR026,Analytik,116890.0,2020-03-08,Aktivní,DPP,evasykorova@example.org
EMP0121,Daniel,Sýkora,STR045,Dispečer,61290.0,2024-01-20,Aktivní,Plný úvazek,lblazek@example.com
EMP0122,Martin,Holub,STR028,Koordinátor,64841.0,2021-08-15,Aktivní,Plný úvazek,martinavesela@example.com
EMP0123,Radek,Mašek,STR048,Obchodník,48385.0,2022-05-16,Aktivní,Plný úvazek,ruzickaradovan@example.net
EMP0124,Vladimíra,Růžička,STR041,Účetní,76816.0,2024-08-13,Aktivní,Plný úvazek,jezekzdenek@example.com
EMP0125,Ivana,Janda,STR047,Inženýr,87381.0,2022-10-31,Aktivní,Plný úvazek,jfiser@example.org
EMP0126,Lýdie,Krejčová,STR010,Operátor,46149.0,2020-01-18,Neaktivní,Plný úvazek,dobroslavmares@example.org
EMP0127,Anděla,Kopecká,STR012,Konzultant,85771.0,2019-09-27,Aktivní,DPP,navratilovanela@example.net
EMP0128,Anastázie,Malá,STR044,Dispečer,109148.0,2023-12-05,Neaktivní,Plný úvazek,klara13@example.com
EMP0129,Bohumír,Navrátilová,STR010,Ředitel,34282.0,2022-06-09,Aktivní,Plný úvazek,nstastny@example.org
EMP0130,Filip,Novotná,STR038,Analytik,60379.0,2021-12-22,Aktivní,Plný úvazek,tsvobodova@example.net
EMP0131,Markéta,Janda,STR029,Analytik,33234.0,2024-01-27,Aktivní,Plný úvazek,beranekbedrich@example.com
EMP0132,Veronika,Janda,STR040,Koordinátor,74650.0,2019-11-27,Aktivní,DPP,jarosovazdislava@example.org
EMP0133,Leona,Dušková,STR048,Dispečer,31774.0,2025-02-09,Neaktivní,Plný úvazek,tadeasstanek@example.net
EMP0134,Norbert,Bílková,STR039,Ředitel,74126.0,2022-07-01,Aktivní,Plný úvazek,novotnapavlina@example.com
EMP0135,Břetislav,Staňková,STR022,Specialista,35758.0,2020-01-20,Aktivní,Plný úvazek,ladislavmusil@example.com
EMP0136,Vít,Valenta,STR046,Ředitel,119171.0,2021-09-02,Aktivní,Částečný úvazek,tichanela@example.net
EMP0137,Jolana,Dostál,STR024,Obchodník,112450.0,2020-09-03,Aktivní,Plný úvazek,barbora31@example.com
EMP0138,Jiří,Procházková,STR044,Koordinátor,32818.0,2022-09-08,Aktivní,Plný úvazek,smidalois@example.org
EMP0139,Ilona,Pavlíček,STR007,Asistent,90411.0,2022-08-04,Aktivní,Plný úvazek,sedlakkarel@example.org
EMP0140,Šimon,Marešová,STR022,Účetní,81612.0,2020-07-30,Aktivní,Plný úvazek,jandapatrik@example.org
EMP0141,Albert,Říha,STR042,Specialista,88916.0,2022-05-16,Aktivní,DPP,dusekmarcel@example.org
EMP0142,Leoš,Procházková,STR020,Asistent,62654.0,2019-11-05,Aktivní,Plný úvazek,duskovaalexandra@example.com
EMP0143,Vítězslav,Marešová,STR006,Správce,89682.0,2024-10-18,Aktivní,Plný úvazek,aleshavlicek@example.com
EMP0144,Dušan,Ježek,STR024,Operátor,44584.0,2019-02-05,Aktivní,Plný úvazek,lubomir17@example.com
EMP0145,Julie,Jelínková,STR013,Technik,119998.0,2024-05-06,Aktivní,Plný úvazek,chruby@example.net
EMP0146,Vladimír,Musilová,STR007,Asistent,98920.0,2022-03-18,Aktivní,Plný úvazek,vankovazora@example.com
EMP0147,Radka,Pešková,STR050,Koordinátor,40057.0,2022-09-02,Aktivní,Plný úvazek,blahovavanda@example.com
EMP0148,Monika,Soukupová,STR012,Inženýr,91742.0,2020-09-17,Neaktivní,Plný úvazek,novotnasilvie@example.org
EMP0149,Jakub,Šmíd,STR003,Programátor,61516.0,2023-10-20,Aktivní,Plný úvazek,ekopecky@example.org
EMP0150,Apolena,Němcová,STR049,Specialista,100110.0,2022-02-02,Aktivní,Částečný úvazek,tkratochvilova@example.com
EMP0151,Lada,Mašková,STR020,Konzultant,100162.0,2021-07-29,Aktivní,Plný úvazek,dstanek@example.net
EMP0152,Naděžda,Horák,STR030,Konzultant,53923.0,2023-11-01,Aktivní,Částečný úvazek,smidovajolana@example.com
EMP0153,Pavla,Němec,STR027,Manažer,103154.0,2024-10-22,Neaktivní,Plný úvazek,ivana76@example.com
EMP0154,Josef,Ševčík,STR004,Správce,72214.0,2021-09-12,Aktivní,Částečný úvazek,emilie45@example.org
EMP0155,Slavěna,Dvořák,STR046,Inženýr,75464.0,2020-01-17,Aktivní,Plný úvazek,buresovadita@example.com
EMP0156,Jozef,Urbanová,STR049,Manažer,53097.0,2019-11-01,Aktivní,Plný úvazek,frantiseksedlacek@example.org
EMP0157,Helena,Říhová,STR006,Dispečer,48427.0,2023-10-19,Aktivní,Plný úvazek,maskovamonika@example.net
EMP0158,Miluše,Šťastná,STR027,Analytik,64474.0,2019-03-12,Aktivní,Plný úvazek,konecnamarcela@example.com
EMP0159,Klement,Macháčková,STR006,Obchodník,48658.0,2023-03-23,Aktivní,Plný úvazek,jmoravec@example.net
EMP0160,Sára,Navrátil,STR010,Manažer,31524.0,2022-08-27,Aktivní,Plný úvazek,kubickovanela@example.org
EMP0161,Blanka,Lišková,STR029,Koordinátor,28483.0,2024-02-26,Aktivní,Plný úvazek,moravecantonin@example.net
EMP0162,Andrea,Bláha,STR014,Inženýr,41756.0,2021-10-06,Neaktivní,Částečný úvazek,kasparnorbert@example.com
EMP0163,Jindřiška,Bartoš,STR008,Konzultant,54505.0,2023-08-22,Aktivní,Plný úvazek,fialastanislav@example.org
EMP0164,Michal,Tůmová,STR016,Programátor,86784.0,2019-06-06,Neaktivní,Plný úvazek,cechovastepanka@example.org
EMP0165,Kristýna,Bláhová,STR008,Inženýr,111274.0,2019-08-07,Neaktivní,Částečný úvazek,ktichy@example.com
EMP0166,Ema,Šťastná,STR041,Asistent,80904.0,2019-01-29,Aktivní,Plný úvazek,davidbilek@example.org
EMP0167,Oldřich,Vaňková,STR001,Koordinátor,60459.0,2023-09-16,Neaktivní,Plný úvazek,rcermak@example.org
EMP0168,Anna,Černá,STR043,Správce,35876.0,2020-12-29,Aktivní,Plný úvazek,stepanka97@example.com
EMP0169,Anna,Müller,STR035,Asistent,100350.0,2024-10-16,Aktivní,Částečný úvazek,wjanda@example.com
EMP0170,Leoš,Sedlák,STR025,Inženýr,71252.0,2019-02-14,Aktivní,Plný úvazek,hhorakova@example.net
EMP0171,Elena,Čech,STR048,Analytik,60853.0,2021-09-26,Aktivní,Plný úvazek,maresboleslav@example.org
EMP0172,Svatopluk,Strnad,STR047,Správce,85800.0,2021-08-06,Neaktivní,Plný úvazek,zemanhubert@example.com
EMP0173,Daniela,Šťastný,STR003,Obchodník,78233.0,2020-05-22,Aktivní,Plný úvazek,bartosovavilma@example.net
EMP0174,Naděžda,Kučera,STR041,Manažer,102658.0,2024-04-05,Aktivní,Plný úvazek,malylubomir@example.net
EMP0175,Jiřina,Fiala,STR019,Technik,32030.0,2019-04-23,Aktivní,Plný úvazek,david60@example.com
EMP0176,Ivan,Ševčík,STR020,Asistent,64637.0,2022-06-07,Aktivní,Plný úvazek,kbrozova@example.com
EMP0177,Milada,Soukup,STR003,Konzultant,87515.0,2021-09-25,Aktivní,Plný úvazek,markovaalzbeta@example.com
EMP0178,Petr,Navrátilová,STR042,Obchodník,53136.0,2019-06-06,Aktivní,Plný úvazek,xstankova@example.org
EMP0179,Nina,Hrubý,STR048,Ředitel,110307.0,2023-05-19,Aktivní,Plný úvazek,mullerstanislav@example.net
EMP0180,Ivo,Bártová,STR032,Specialista,73772.0,2020-12-27,Aktivní,Plný úvazek,milenajandova@example.com
EMP0181,Peter,Fišer,STR047,Programátor,35261.0,2019-10-27,Neaktivní,Plný úvazek,hnovotna@example.net
EMP0182,Zora,Marek,STR019,Obchodník,37439.0,2025-01-04,Aktivní,Plný úvazek,radekvanek@example.net
EMP0183,Miloslav,Novák,STR029,Koordinátor,94025.0,2022-05-01,Aktivní,Plný úvazek,fialovakveta@example.org
EMP0184,Přemysl,Matoušková,STR029,Analytik,94867.0,2022-11-01,Aktivní,DPP,vlcekdalibor@example.org
EMP0185,Veronika,Fialová,STR018,Správce,118163.0,2023-10-09,Aktivní,Plný úvazek,lvavrova@example.com
EMP0186,Františka,Němečková,STR024,Asistent,101701.0,2023-06-13,Aktivní,Plný úvazek,igormusil@example.org
EMP0187,Simona,Černá,STR039,Správce,99881.0,2020-06-29,Aktivní,Plný úvazek,leonasoukupova@example.org
EMP0188,Jitka,Janečková,STR016,Konzultant,87355.0,2019-08-25,Aktivní,Plný úvazek,kralovasara@example.com
EMP0189,Dalibor,Doležal,STR039,Manažer,90474.0,2019-04-04,Aktivní,Plný úvazek,mikulasbroz@example.net
EMP0190,Jiří,Musilová,STR049,Účetní,80801.0,2023-11-15,Aktivní,Plný úvazek,yjaneckova@example.com
EMP0191,David,Dostálová,STR021,Správce,53639.0,2023-05-11,Aktivní,Plný úvazek,mpokorna@example.com
EMP0192,Soňa,Jandová,STR032,Asistent,63603.0,2020-12-24,Aktivní,Plný úvazek,blahavlasta@example.org
EMP0193,Ivona,Šimková,STR050,Operátor,92771.0,2021-10-30,Aktivní,DPP,peskovaiva@example.org
EMP0194,Štefan,Ševčíková,STR045,Dispečer,119874.0,2022-02-04,Aktivní,Plný úvazek,hcermakova@example.net
EMP0195,Ondřej,Vaněk,STR005,Ředitel,43884.0,2020-05-31,Aktivní,Plný úvazek,michalmarek@example.com
EMP0196,Ivana,Sedláková,STR043,Obchodník,93278.0,2022-06-24,Aktivní,Částečný úvazek,ycerny@example.net
EMP0197,Irena,Dušek,STR020,Inženýr,42490.0,2022-02-24,Aktivní,Plný úvazek,dominiksedlacek@example.net
EMP0198,Lenka,Sedlák,STR015,Účetní,118632.0,2024-08-06,Aktivní,Plný úvazek,gabrielakrejcova@example.org
EMP0199,Michal,Tůma,STR002,Obchodník,78970.0,2024-06-07,Aktivní,Plný úvazek,olgaduskova@example.net
EMP0200,Jaromír,Sýkora,STR009,Koordinátor,109351.0,2025-01-29,Aktivní,Plný úvazek,pvitek@example.com
EMP0201,Marek,Říhová,STR046,Specialista,72037.0,2023-05-11,Aktivní,Plný úvazek,pholub@example.net
EMP0202,Miluše,Jarošová,STR009,Obchodník,87095.0,2019-09-21,Aktivní,Plný úvazek,alesmach@example.com
EMP0203,Radoslav,Moravec,STR023,Manažer,108772.0,2024-09-11,Aktivní,DPP,zikmundhoracek@example.org
EMP0204,Matěj,Král,STR050,Manažer,67801.0,2020-12-07,Aktivní,Plný úvazek,kopeckadorota@example.net
EMP0205,Dalibor,Procházková,STR010,Operátor,43148.0,2024-09-14,Aktivní,Plný úvazek,frantisekstejskal@example.com
EMP0206,Mojmír,Kraus,STR034,Dispečer,54132.0,2022-10-10,Aktivní,Plný úvazek,tomanjan@example.net
EMP0207,Nikol,Čech,STR041,Asistent,53249.0,2021-02-04,Aktivní,DPP,kamila37@example.net
EMP0208,Božena,Valentová,STR006,Asistent,86971.0,2024-11-16,Neaktivní,DPP,inemecek@example.org
EMP0209,Eliška,Hájková,STR011,Správce,85452.0,2020-08-15,Neaktivní,Plný úvazek,machacekvilem@example.com
EMP0210,Bohumila,Žáková,STR002,Účetní,32182.0,2019-05-10,Neaktivní,Plný úvazek,vlasta86@example.org
EMP0211,Stanislav,Matoušková,STR050,Koordinátor,66326.0,2021-04-04,Aktivní,Plný úvazek,jezekbohuslav@example.net
EMP0212,Sára,Veselý,STR019,Správce,116012.0,2025-01-04,Aktivní,Plný úvazek,thorvath@example.net
EMP0213,Lumír,Sedlák,STR020,Ředitel,34714.0,2023-06-13,Aktivní,Plný úvazek,vlckovahedvika@example.com
EMP0214,Patricie,Jelínková,STR027,Ředitel,70729.0,2023-10-28,Aktivní,DPP,mullerdobroslav@example.org
EMP0215,Patricie,Tůma,STR021,Inženýr,94089.0,2020-07-03,Aktivní,Plný úvazek,matejkovabarbora@example.com
EMP0216,Vlasta,Veselý,STR049,Obchodník,75378.0,2020-05-11,Aktivní,Plný úvazek,marekdaniel@example.com
EMP0217,Vladislav,Bláha,STR030,Účetní,52607.0,2021-08-09,Aktivní,Plný úvazek,drahoslavvacek@example.net
EMP0218,Irena,Kopecký,STR004,Operátor,114975.0,2019-12-24,Neaktivní,Plný úvazek,beranmikulas@example.com
EMP0219,Michael,Vávrová,STR011,Inženýr,58124.0,2021-09-04,Neaktivní,Plný úvazek,ndolezalova@example.org
EMP0220,Ivo,Beran,STR049,Manažer,73840.0,2021-01-08,Aktivní,Plný úvazek,jolanafiserova@example.net
EMP0221,Miluše,Hruška,STR020,Ředitel,30132.0,2024-06-26,Aktivní,Částečný úvazek,katerinakovarova@example.org
EMP0222,Dominik,Novotný,STR016,Technik,81668.0,2024-01-08,Aktivní,Plný úvazek,radka11@example.com
EMP0223,Artur,Nováková,STR032,Koordinátor,109175.0,2022-01-18,Aktivní,Plný úvazek,pmachackova@example.net
EMP0224,Mikuláš,Soukup,STR001,Inženýr,37890.0,2024-11-29,Aktivní,Plný úvazek,adam95@example.org
EMP0225,Milada,Macháček,STR049,Programátor,61666.0,2022-12-30,Aktivní,Plný úvazek,polakovanadezda@example.org
EMP0226,Zdenka,Janečková,STR024,Asistent,54551.0,2021-01-28,Aktivní,Částečný úvazek,yberanek@example.com
EMP0227,Denis,Novotná,STR049,Asistent,53734.0,2023-12-11,Neaktivní,DPP,kristina40@example.com
EMP0228,Horymír,Toman,STR009,Účetní,64239.0,2020-03-23,Aktivní,Částečný úvazek,vanekdusan@example.net
EMP0229,Ilona,Kašpar,STR049,Manažer,46313.0,2022-12-29,Aktivní,Plný úvazek,kucerovazofie@example.com
EMP0230,Radek,Žáková,STR003,Analytik,31580.0,2024-07-02,Aktivní,Plný úvazek,estrnadova@example.net
EMP0231,Radovan,Kašpar,STR030,Manažer,83776.0,2024-09-19,Aktivní,Plný úvazek,vackovasvetlana@example.org
EMP0232,Denisa,Mašek,STR040,Obchodník,42950.0,2022-07-28,Neaktivní,Plný úvazek,horvathovaanezka@example.com
EMP0233,Eliška,Jelínková,STR033,Inženýr,74894.0,2022-08-31,Aktivní,DPP,slavena40@example.net
EMP0234,Robin,Slavík,STR031,Inženýr,29531.0,2022-04-03,Aktivní,Plný úvazek,bohumirstastny@example.com
EMP0235,Anna,Jelínek,STR038,Operátor,101301.0,2023-07-26,Aktivní,DPP,viktormasek@example.net
EMP0236,Nikola,Zeman,STR017,Správce,100027.0,2024-03-19,Neaktivní,DPP,jonaspavlik@example.net
EMP0237,Viktorie,Vávra,STR047,Analytik,81684.0,2021-06-12,Aktivní,Částečný úvazek,zprokop@example.org
EMP0238,Miroslava,Hájek,STR010,Inženýr,90627.0,2023-02-27,Aktivní,DPP,radoslav84@example.com
EMP0239,Karel,Hájek,STR013,Analytik,68576.0,2020-02-16,Aktivní,Plný úvazek,miloslavkral@example.com
EMP0240,Monika,Kříž,STR045,Technik,65755.0,2023-07-11,Neaktivní,Plný úvazek,ctuma@example.org
EMP0241,Jitka,Musilová,STR046,Manažer,75719.0,2019-08-05,Aktivní,Plný úvazek,apolena01@example.net
EMP0242,Marcela,Vaněk,STR034,Programátor,56865.0,2024-04-04,Aktivní,Plný úvazek,rvackova@example.org
EMP0243,Bořivoj,Konečný,STR022,Asistent,60594.0,2024-11-14,Aktivní,DPP,ysedlakova@example.com
EMP0244,Ctibor,Ježek,STR013,Technik,53669.0,2024-04-28,Aktivní,Plný úvazek,jarosovanatalie@example.com
EMP0245,Ladislava,Kučerová,STR050,Operátor,92851.0,2022-03-26,Aktivní,Plný úvazek,stejskalovahana@example.net
EMP0246,Patricie,Vávra,STR023,Asistent,113900.0,2024-04-10,Aktivní,Plný úvazek,vladimirvlcek@example.org
EMP0247,Matěj,Kolářová,STR037,Správce,77974.0,2020-04-05,Aktivní,Plný úvazek,samuelkratochvil@example.net
EMP0248,Blanka,Pavlík,STR019,Analytik,54462.0,2020-07-14,Aktivní,Plný úvazek,benesovaivona@example.com
EMP0249,Zdislava,Žák,STR042,Operátor,96755.0,2023-11-08,Aktivní,Plný úvazek,qjaros@example.com
EMP0250,Olga,Moravec,STR018,Dispečer,79706.0,2024-12-07,Aktivní,Plný úvazek,sslavik@example.com
EMP0251,Stanislav,Jelínek,STR040,Specialista,81988.0,2020-02-13,Aktivní,Plný úvazek,brozvlasta@example.org
EMP0252,Olivie,Havlíček,STR015,Správce,49421.0,2024-11-06,Aktivní,Plný úvazek,premyslurban@example.org
EMP0253,Daniela,Stejskal,STR046,Ředitel,37250.0,2022-08-06,Aktivní,Plný úvazek,vacekjaroslav@example.com
EMP0254,Zdeňka,Navrátil,STR011,Programátor,88066.0,2025-01-24,Aktivní,Plný úvazek,horvathovaeva@example.org
EMP0255,Veronika,Bílek,STR049,Operátor,57547.0,2021-02-16,Aktivní,Plný úvazek,renenemecek@example.net
EMP0256,Marian,Müllerová,STR035,Specialista,94527.0,2021-07-01,Aktivní,Plný úvazek,blazkovamarcela@example.com
EMP0257,Světlana,Kašparová,STR012,Dispečer,112606.0,2023-07-31,Aktivní,Plný úvazek,marketa91@example.org
EMP0258,Ester,Pešková,STR048,Inženýr,113196.0,2020-12-25,Aktivní,Plný úvazek,musilovasarka@example.net
EMP0259,Šárka,Toman,STR037,Koordinátor,37872.0,2022-03-29,Aktivní,Plný úvazek,zakjiri@example.org
EMP0260,Natálie,Jandová,STR042,Asistent,76237.0,2023-12-28,Aktivní,Částečný úvazek,dostalovazdenka@example.org
EMP0261,Drahoslava,Kříž,STR018,Technik,102411.0,2024-02-22,Aktivní,Plný úvazek,krauslibor@example.com
EMP0262,Zdislava,Sedlák,STR042,Operátor,94111.0,2024-01-15,Aktivní,Plný úvazek,jezkovajaroslava@example.net
EMP0263,Apolena,Ježek,STR037,Správce,97670.0,2022-03-15,Aktivní,DPP,sarkacechova@example.net
EMP0264,Peter,Marková,STR028,Asistent,58169.0,2023-06-10,Aktivní,Plný úvazek,kkral@example.net
EMP0265,Iva,Kubíčková,STR009,Ředitel,57771.0,2020-12-18,Aktivní,Plný úvazek,benesovadaniela@example.org
EMP0266,Anděla,Pokorná,STR025,Technik,69100.0,2021-10-26,Aktivní,Plný úvazek,zemansimon@example.net
EMP0267,Bořivoj,Hrušková,STR038,Specialista,80705.0,2022-04-12,Aktivní,Plný úvazek,psoukup@example.com
EMP0268,Šárka,Pavlíček,STR004,Správce,38877.0,2021-07-17,Aktivní,Plný úvazek,dominika71@example.net
EMP0269,Ferdinand,Kratochvíl,STR044,Asistent,112926.0,2023-06-10,Aktivní,Plný úvazek,ebilkova@example.com
EMP0270,Svatopluk,Tichý,STR024,Koordinátor,48318.0,2022-03-15,Aktivní,Plný úvazek,ukonecny@example.net
EMP0271,Eva,Tichá,STR030,Specialista,118973.0,2020-08-11,Aktivní,Plný úvazek,stanislavdusek@example.com
EMP0272,Štěpánka,Křížová,STR031,Konzultant,77452.0,2025-01-19,Aktivní,Plný úvazek,kratochvilovaklaudie@example.com
EMP0273,Lukáš,Prokop,STR034,Ředitel,76592.0,2019-10-24,Aktivní,Plný úvazek,jpavlik@example.org
EMP0274,Drahoslav,Soukup,STR004,Inženýr,78384.0,2020-02-25,Aktivní,Plný úvazek,milena32@example.com
EMP0275,Emilie,Malý,STR010,Manažer,58187.0,2024-11-29,Aktivní,Plný úvazek,pavlikvaclav@example.com
EMP0276,Elena,Hrušková,STR044,Technik,93956.0,2020-03-13,Aktivní,Plný úvazek,cechovaolga@example.net
EMP0277,Radka,Novotný,STR029,Konzultant,33118.0,2024-08-13,Aktivní,Částečný úvazek,soukupradim@example.org
EMP0278,Drahoslav,Sedlák,STR030,Koordinátor,33312.0,2023-07-21,Aktivní,Plný úvazek,pmaskova@example.net
EMP0279,Simona,Slavík,STR026,Operátor,103114.0,2019-02-20,Aktivní,DPP,gbednar@example.com
EMP0280,Matouš,Procházka,STR003,Programátor,59697.0,2019-09-18,Aktivní,Částečný úvazek,slavomirmach@example.org
EMP0281,Magdaléna,Černý,STR005,Dispečer,71431.0,2019-07-27,Aktivní,Plný úvazek,mkrizova@example.com
EMP0282,Dana,Fiala,STR050,Manažer,98456.0,2020-11-29,Aktivní,Plný úvazek,vera78@example.com
EMP0283,Ludvík,Ježek,STR029,Inženýr,112375.0,2023-03-08,Aktivní,Plný úvazek,maresovanina@example.com
EMP0284,Karolína,Vaňková,STR044,Správce,108459.0,2019-10-17,Aktivní,Plný úvazek,horakstanislav@example.net
EMP0285,Daniel,Čech,STR012,Asistent,64161.0,2020-03-22,Aktivní,Plný úvazek,dvorakovamilada@example.com
EMP0286,Zdislava,Dušková,STR049,Analytik,118021.0,2018-12-07,Aktivní,Částečný úvazek,strnadhubert@example.com
EMP0287,Eva,Kraus,STR035,Programátor,103749.0,2023-08-26,Aktivní,Plný úvazek,dorota95@example.net
EMP0288,Zdeňka,Konečná,STR010,Operátor,45340.0,2022-10-10,Aktivní,Plný úvazek,ksevcikova@example.com
EMP0289,Soňa,Beran,STR040,Konzultant,114134.0,2023-08-06,Aktivní,Plný úvazek,patriktesar@example.org
EMP0290,Milada,Malá,STR005,Účetní,82643.0,2021-03-16,Aktivní,DPP,anastaziestankova@example.com
EMP0291,Anděla,Poláková,STR016,Specialista,32070.0,2019-06-10,Aktivní,Plný úvazek,omachackova@example.net
EMP0292,Dušan,Malá,STR014,Konzultant,107463.0,2024-12-11,Aktivní,Plný úvazek,hkubicek@example.net
EMP0293,Květoslava,Kopecký,STR019,Technik,103052.0,2024-07-17,Neaktivní,Plný úvazek,beranemil@example.org
EMP0294,Bedřich,Čermáková,STR016,Operátor,108616.0,2022-06-28,Aktivní,Plný úvazek,tadeasfiser@example.com
EMP0295,Svatopluk,Beranová,STR020,Operátor,33608.0,2023-07-13,Neaktivní,Plný úvazek,nzemanova@example.com
EMP0296,Felix,Sýkorová,STR036,Ředitel,32313.0,2023-09-07,Aktivní,Plný úvazek,pospisilklement@example.net
EMP0297,Gabriela,Procházková,STR021,Specialista,66302.0,2024-10-10,Aktivní,Plný úvazek,ykasparova@example.com
EMP0298,Přemysl,Dvořáková,STR012,Konzultant,77489.0,2023-02-11,Aktivní,Plný úvazek,itichy@example.com
EMP0299,Anděla,Müllerová,STR046,Manažer,102131.0,2022-04-07,Aktivní,Částečný úvazek,pmarek@example.com
EMP0300,Dominika,Navrátil,STR027,Asistent,76759.0,2023-07-10,Aktivní,Plný úvazek,lucieurbanova@example.org
EMP0301,Vanda,Šimek,STR014,Obchodník,87497.0,2021-10-02,Aktivní,Plný úvazek,jtuma@example.net
EMP0302,Apolena,Slavík,STR035,Specialista,104305.0,2019-12-06,Aktivní,Plný úvazek,sedlakovazofie@example.com
EMP0303,Ludmila,Toman,STR044,Koordinátor,83469.0,2023-02-14,Aktivní,Plný úvazek,kopeckyblahoslav@example.com
EMP0304,Ivo,Toman,STR014,Ředitel,47218.0,2025-02-28,Aktivní,Plný úvazek,qpolakova@example.net
EMP0305,Světlana,Moravec,STR014,Dispečer,45482.0,2019-01-24,Aktivní,Plný úvazek,prokopmatyas@example.net
EMP0306,Anna,Kolář,STR045,Koordinátor,92747.0,2021-08-12,Aktivní,Plný úvazek,strnadovaklaudie@example.org
EMP0307,Drahoslav,Říhová,STR021,Konzultant,54041.0,2025-01-31,Aktivní,Částečný úvazek,onavratil@example.org
EMP0308,Dušan,Horák,STR020,Operátor,61087.0,2022-12-03,Aktivní,Plný úvazek,hedvika71@example.net
EMP0309,Matěj,Bartoš,STR047,Ředitel,98070.0,2019-12-31,Aktivní,Plný úvazek,akratochvil@example.net
EMP0310,Soňa,Holubová,STR021,Programátor,32206.0,2023-01-19,Aktivní,Plný úvazek,vitekmikulas@example.com
EMP0311,Dagmar,Petrová,STR017,Asistent,113998.0,2019-01-28,Neaktivní,Plný úvazek,zemanovadenisa@example.net
EMP0312,Vratislav,Konečná,STR010,Technik,58348.0,2022-03-16,Aktivní,DPP,holubovaradka@example.org
EMP0313,Ctirad,Bártová,STR032,Asistent,88224.0,2021-08-25,Aktivní,Plný úvazek,vmachacek@example.com
EMP0314,Dalibor,Bednář,STR047,Správce,96043.0,2024-05-16,Aktivní,Plný úvazek,drahoslavakrejcova@example.com
EMP0315,Pavlína,Pešková,STR011,Manažer,94269.0,2022-11-04,Aktivní,Plný úvazek,fkasparova@example.org
EMP0316,Věra,Fišerová,STR042,Analytik,76203.0,2024-12-21,Aktivní,Plný úvazek,jarmiladolezalova@example.com
EMP0317,Oto,Tichá,STR027,Manažer,105514.0,2018-12-19,Aktivní,Plný úvazek,qpetrova@example.net
EMP0318,Richard,Beneš,STR001,Technik,74527.0,2020-08-02,Aktivní,Plný úvazek,miloslavsedlak@example.net
EMP0319,Roman,Kučera,STR043,Ředitel,29447.0,2024-04-24,Aktivní,Částečný úvazek,zpavlikova@example.com
EMP0320,Štěpánka,Šťastný,STR001,Analytik,76706.0,2023-07-04,Aktivní,Částečný úvazek,markovadominika@example.org
EMP0321,Michael,Holubová,STR002,Asistent,102810.0,2022-02-09,Aktivní,Plný úvazek,lumirbarta@example.com
EMP0322,Ladislava,Novák,STR007,Asistent,41699.0,2020-02-04,Aktivní,DPP,rvalentova@example.com
EMP0323,Drahomíra,Malá,STR017,Inženýr,60609.0,2024-10-18,Aktivní,Plný úvazek,qbednar@example.net
EMP0324,Judita,Stejskalová,STR026,Ředitel,79980.0,2023-01-29,Aktivní,Plný úvazek,blahaferdinand@example.com
EMP0325,Elena,Kratochvíl,STR042,Inženýr,87790.0,2019-10-19,Aktivní,Plný úvazek,vlasta41@example.net
EMP0326,Dita,Vávra,STR025,Programátor,78849.0,2023-06-10,Aktivní,Plný úvazek,omusil@example.org
EMP0327,Stanislava,Král,STR006,Ředitel,105770.0,2020-10-24,Aktivní,DPP,mvackova@example.com
EMP0328,Michaela,Svobodová,STR034,Dispečer,31915.0,2019-12-18,Aktivní,DPP,whajkova@example.net
EMP0329,Viktor,Veselá,STR018,Analytik,113023.0,2024-03-23,Aktivní,Částečný úvazek,tichydaniel@example.net
EMP0330,Olga,Kolářová,STR012,Dispečer,106239.0,2019-04-06,Aktivní,Plný úvazek,daliborsedlak@example.org
EMP0331,Felix,Kratochvílová,STR049,Inženýr,93569.0,2020-07-05,Aktivní,Plný úvazek,kmasek@example.net
EMP0332,Miloš,Kříž,STR011,Koordinátor,50123.0,2022-04-01,Aktivní,Částečný úvazek,vladimirdolezal@example.net
EMP0333,Svatoslav,Šmídová,STR025,Konzultant,96057.0,2022-08-12,Aktivní,Částečný úvazek,fhorvathova@example.net
EMP0334,Olga,Doležal,STR004,Účetní,68212.0,2022-10-09,Aktivní,Plný úvazek,gkadlec@example.com
EMP0335,Petra,Kubíčková,STR050,Obchodník,30726.0,2023-05-05,Aktivní,Plný úvazek,rihovasara@example.net
EMP0336,Elena,Štěpánková,STR015,Obchodník,78879.0,2024-05-24,Aktivní,Plný úvazek,maresovakveta@example.org
EMP0337,Viktor,Machová,STR044,Koordinátor,88782.0,2020-12-22,Aktivní,DPP,beranovarenata@example.com
EMP0338,Filip,Kovářová,STR016,Specialista,34763.0,2022-03-16,Aktivní,Plný úvazek,blazkovastepanka@example.org
EMP0339,Dagmar,Beránková,STR046,Konzultant,86319.0,2023-02-26,Aktivní,Plný úvazek,zemanhorymir@example.net
EMP0340,Miloslava,Veselý,STR007,Účetní,28478.0,2022-12-09,Aktivní,Plný úvazek,otylie66@example.org
EMP0341,Matouš,Poláková,STR049,Operátor,37405.0,2022-12-06,Aktivní,Plný úvazek,ferdinandhavlicek@example.net
EMP0342,Lucie,Kolářová,STR029,Asistent,79036.0,2023-09-23,Aktivní,Plný úvazek,vaneklibor@example.org
EMP0343,Bohumil,Stejskal,STR006,Obchodník,78988.0,2019-03-10,Neaktivní,DPP,usedlackova@example.net
EMP0344,Miroslava,Konečná,STR025,Analytik,54850.0,2022-07-13,Aktivní,Plný úvazek,vojtech37@example.com
EMP0345,Norbert,Říha,STR016,Koordinátor,75942.0,2025-03-02,Aktivní,Plný úvazek,valentaemil@example.org
EMP0346,Milena,Musilová,STR018,Operátor,52693.0,2020-06-13,Aktivní,Plný úvazek,jarosovajitka@example.org
EMP0347,Kamil,Mašková,STR028,Operátor,66741.0,2020-10-07,Aktivní,Plný úvazek,musilovaapolena@example.org
EMP0348,Denis,Bednářová,STR017,Technik,94323.0,2022-12-11,Aktivní,DPP,inemecek@example.org
EMP0349,Emil,Kolář,STR030,Účetní,40465.0,2021-01-31,Aktivní,Plný úvazek,osoukup@example.net
EMP0350,Eva,Macháčková,STR040,Programátor,101975.0,2022-08-14,Aktivní,Plný úvazek,rvlckova@example.com
EMP0351,Vítězslav,Strnad,STR028,Inženýr,103765.0,2022-08-25,Neaktivní,Plný úvazek,stepanekleos@example.com
EMP0352,Dorota,Říha,STR021,Koordinátor,115150.0,2022-04-06,Aktivní,Plný úvazek,rihovaiva@example.net
EMP0353,Monika,Krejčová,STR012,Programátor,117123.0,2022-06-01,Aktivní,Plný úvazek,wcermak@example.net
EMP0354,Lada,Kašparová,STR021,Programátor,53788.0,2021-08-11,Aktivní,Plný úvazek,simonmatejka@example.org
EMP0355,Dorota,Vítek,STR037,Technik,82485.0,2020-03-03,Aktivní,Plný úvazek,vitekvitezslav@example.org
EMP0356,Vlasta,Stejskal,STR002,Specialista,70469.0,2025-01-23,Aktivní,Plný úvazek,nemecekboleslav@example.net
EMP0357,Martina,Bílková,STR045,Účetní,103345.0,2022-02-28,Aktivní,Plný úvazek,ikolarova@example.com
EMP0358,Zikmund,Polák,STR041,Operátor,50266.0,2020-06-15,Aktivní,Plný úvazek,krizdaniel@example.com
EMP0359,Klaudie,Holub,STR005,Ředitel,119144.0,2023-02-14,Aktivní,DPP,mstepankova@example.org
EMP0360,Aneta,Vítek,STR035,Asistent,112962.0,2023-05-22,Aktivní,Částečný úvazek,cmatouskova@example.org
EMP0361,Robert,Vávrová,STR024,Specialista,110386.0,2019-04-22,Aktivní,DPP,qstepankova@example.net
EMP0362,Viktor,Holubová,STR007,Konzultant,50837.0,2019-11-06,Aktivní,Plný úvazek,krizmiroslav@example.org
EMP0363,Teodor,Malý,STR037,Správce,90327.0,2019-05-23,Aktivní,Plný úvazek,veselavanda@example.org
EMP0364,Svatopluk,Bártová,STR007,Analytik,37072.0,2023-09-21,Aktivní,Částečný úvazek,rihaotakar@example.com
EMP0365,Květoslava,Fišerová,STR036,Koordinátor,91265.0,2024-09-16,Aktivní,Plný úvazek,wpokorna@example.com
EMP0366,Alžběta,Valenta,STR026,Ředitel,99055.0,2023-02-02,Neaktivní,Částečný úvazek,dhruskova@example.org
EMP0367,Simona,Vávrová,STR023,Analytik,72415.0,2020-08-01,Aktivní,Plný úvazek,karelmachacek@example.com
EMP0368,Martina,Čech,STR008,Inženýr,114542.0,2019-11-09,Aktivní,Plný úvazek,vmusil@example.org
EMP0369,Artur,Pospíšil,STR022,Ředitel,100153.0,2022-05-23,Aktivní,Plný úvazek,lmala@example.net
EMP0370,Milada,Staněk,STR031,Účetní,68311.0,2022-10-19,Aktivní,Plný úvazek,horakpatrik@example.org
EMP0371,Květoslava,Kučerová,STR020,Analytik,102537.0,2019-08-25,Aktivní,Plný úvazek,pavlikpeter@example.com
EMP0372,Vanda,Štěpánková,STR042,Účetní,90297.0,2022-09-28,Aktivní,Plný úvazek,kdvorakova@example.net
EMP0373,Jitka,Kubíček,STR012,Asistent,42732.0,2024-09-05,Aktivní,Plný úvazek,valentasimon@example.org
EMP0374,Ferdinand,Kašparová,STR015,Konzultant,65264.0,2024-01-28,Aktivní,Plný úvazek,brozovaapolena@example.org
EMP0375,Martina,Kolář,STR026,Analytik,95840.0,2023-09-28,Aktivní,Plný úvazek,blazekigor@example.org
EMP0376,Viktor,Janečková,STR025,Analytik,92836.0,2023-09-17,Aktivní,Plný úvazek,dvesely@example.net
EMP0377,Šárka,Pospíšilová,STR037,Účetní,101554.0,2019-08-06,Aktivní,Plný úvazek,aberan@example.net
EMP0378,Marta,Beneš,STR021,Technik,70095.0,2022-12-30,Aktivní,Plný úvazek,polakovaleona@example.net
EMP0379,Dagmar,Beran,STR041,Obchodník,82921.0,2024-10-23,Neaktivní,Plný úvazek,rstrnadova@example.com
EMP0380,Radomír,Hrubý,STR023,Obchodník,105788.0,2020-03-04,Neaktivní,Plný úvazek,polakovagabriela@example.org
EMP0381,Roman,Navrátilová,STR040,Koordinátor,35797.0,2022-03-25,Aktivní,Plný úvazek,wpokorny@example.com
EMP0382,Lýdie,Hájek,STR016,Operátor,38759.0,2020-03-19,Aktivní,Plný úvazek,slavomirnemec@example.net
EMP0383,Zikmund,Strnadová,STR025,Programátor,82871.0,2024-08-15,Neaktivní,Plný úvazek,kovardaniel@example.net
EMP0384,Břetislav,Holub,STR012,Ředitel,86466.0,2023-08-21,Aktivní,Částečný úvazek,kvetoslava68@example.com
EMP0385,Emil,Pavlíková,STR032,Operátor,40907.0,2020-10-06,Aktivní,Plný úvazek,tumovairena@example.org
EMP0386,Vilma,Čechová,STR023,Analytik,72584.0,2019-06-30,Aktivní,Plný úvazek,dominikprochazka@example.org
EMP0387,Vojtěch,Moravec,STR033,Správce,73537.0,2025-03-11,Aktivní,Plný úvazek,rhavlickova@example.org
EMP0388,Igor,Soukupová,STR032,Manažer,35606.0,2023-11-15,Aktivní,Plný úvazek,zofiesedlackova@example.net
EMP0389,Břetislav,Liška,STR003,Operátor,48686.0,2022-03-03,Aktivní,Plný úvazek,aleshorvath@example.net
EMP0390,Mikuláš,Valentová,STR037,Specialista,99074.0,2024-01-09,Aktivní,Částečný úvazek,ivan42@example.net
EMP0391,Zdeněk,Kučerová,STR008,Koordinátor,38507.0,2024-08-15,Aktivní,Plný úvazek,hedvika62@example.net
EMP0392,Ivo,Jandová,STR049,Analytik,97920.0,2024-12-21,Aktivní,Částečný úvazek,bohuslavcermak@example.com
EMP0393,Vratislav,Fišer,STR028,Účetní,95711.0,2021-05-06,Aktivní,Plný úvazek,samuelzak@example.com
EMP0394,Bořivoj,Novotná,STR029,Operátor,60069.0,2019-04-04,Aktivní,Plný úvazek,sonanovotna@example.org
EMP0395,Johana,Krausová,STR050,Konzultant,49799.0,2020-03-17,Neaktivní,Plný úvazek,natalie29@example.net
EMP0396,Květoslava,Havel,STR011,Koordinátor,40810.0,2023-09-11,Aktivní,Plný úvazek,zstanek@example.org
EMP0397,Ignác,Havel,STR037,Obchodník,76970.0,2019-07-24,Neaktivní,Částečný úvazek,hanamachova@example.net
EMP0398,Mojmír,Tůmová,STR021,Specialista,54922.0,2020-10-12,Neaktivní,Plný úvazek,ester51@example.org
EMP0399,Alexander,Svoboda,STR044,Inženýr,36761.0,2024-08-30,Aktivní,Plný úvazek,wvalenta@example.com
EMP0400,Karel,Kadlec,STR042,Manažer,92531.0,2022-01-01,Aktivní,Plný úvazek,horackovaruzena@example.com
EMP0401,Zuzana,Beránková,STR046,Obchodník,104220.0,2020-07-14,Aktivní,Plný úvazek,benesovadenisa@example.com
EMP0402,Jonáš,Mašková,STR037,Správce,52722.0,2020-06-27,Aktivní,Plný úvazek,ystastny@example.org
EMP0403,Danuše,Beranová,STR005,Správce,101103.0,2023-12-18,Aktivní,Plný úvazek,jaromir83@example.net
EMP0404,Žaneta,Kubíček,STR048,Operátor,91913.0,2024-09-03,Aktivní,Plný úvazek,peter24@example.com
EMP0405,Aneta,Hrubá,STR021,Koordinátor,28228.0,2024-05-14,Aktivní,Plný úvazek,blazekjan@example.com
EMP0406,Barbora,Bláhová,STR005,Konzultant,77167.0,2022-11-29,Aktivní,Plný úvazek,vendulabrozova@example.com
EMP0407,Adéla,Pavlík,STR032,Operátor,57704.0,2021-04-08,Aktivní,Plný úvazek,nmaskova@example.org
EMP0408,Radka,Hrubý,STR037,Manažer,80085.0,2025-01-11,Aktivní,Plný úvazek,kovaralbert@example.com
EMP0409,Ilona,Navrátilová,STR003,Účetní,85609.0,2019-06-09,Aktivní,Plný úvazek,helena75@example.com
EMP0410,Matyáš,Stejskal,STR011,Ředitel,70000.0,2020-04-14,Aktivní,Plný úvazek,kamilnovotny@example.com
EMP0411,Radim,Bártová,STR042,Operátor,42626.0,2020-05-16,Aktivní,Plný úvazek,milanvavra@example.net
EMP0412,Vendula,Macháčková,STR017,Účetní,62210.0,2022-12-08,Aktivní,Plný úvazek,krausrobert@example.com
EMP0413,Lucie,Vaněk,STR041,Operátor,94791.0,2023-05-04,Aktivní,Plný úvazek,sedlackovajindriska@example.net
EMP0414,Radoslav,Slavíková,STR046,Účetní,28100.0,2019-12-01,Aktivní,Plný úvazek,ubilek@example.com
EMP0415,Tadeáš,Čermáková,STR038,Technik,75789.0,2020-05-19,Aktivní,Plný úvazek,bozenamaskova@example.net
EMP0416,Vilma,Kolář,STR045,Obchodník,103174.0,2018-12-26,Aktivní,Plný úvazek,klaudiejezkova@example.net
EMP0417,Mojmír,Šmídová,STR005,Technik,63242.0,2024-04-01,Aktivní,Plný úvazek,kveta17@example.net
EMP0418,Světlana,Malá,STR024,Dispečer,55531.0,2022-05-29,Aktivní,Plný úvazek,zdenka68@example.org
EMP0419,Judita,Svobodová,STR005,Asistent,79823.0,2020-06-30,Neaktivní,Plný úvazek,omaskova@example.org
EMP0420,Ladislav,Vítková,STR023,Specialista,47601.0,2023-10-30,Aktivní,Plný úvazek,stepanekradim@example.org
EMP0421,Denis,Kubíčková,STR014,Účetní,110487.0,2023-11-09,Aktivní,Plný úvazek,hedvika61@example.org
EMP0422,Ján,Pospíšil,STR023,Programátor,56934.0,2023-03-14,Aktivní,Plný úvazek,polakleos@example.com
EMP0423,Kristina,Bartošová,STR042,Účetní,50831.0,2021-12-31,Neaktivní,DPP,rvlckova@example.net
EMP0424,Vladimíra,Kovář,STR050,Specialista,30468.0,2022-02-02,Aktivní,Plný úvazek,antoninnovotny@example.org
EMP0425,Dita,Bílková,STR039,Asistent,45355.0,2024-09-12,Aktivní,Plný úvazek,dolezalovaevelina@example.com
EMP0426,Ema,Tichý,STR016,Ředitel,63501.0,2019-07-04,Aktivní,Plný úvazek,hmatejka@example.com
EMP0427,Jaroslava,Havlíčková,STR034,Dispečer,117948.0,2019-09-09,Aktivní,Plný úvazek,mullerovasona@example.com
EMP0428,Horymír,Stejskal,STR025,Inženýr,105186.0,2020-05-16,Aktivní,Plný úvazek,urbanovaelena@example.org
EMP0429,Ivona,Petrová,STR044,Manažer,98171.0,2025-01-07,Aktivní,Plný úvazek,svecovailona@example.net
EMP0430,Zikmund,Ježková,STR001,Operátor,47848.0,2019-08-26,Aktivní,Plný úvazek,rihaivo@example.com
EMP0431,Monika,Fialová,STR019,Správce,93562.0,2024-07-29,Aktivní,Plný úvazek,masekjonas@example.org
EMP0432,Natálie,Bártová,STR006,Správce,77364.0,2023-05-28,Neaktivní,Plný úvazek,vavrovajaroslava@example.com
EMP0433,Mária,Žák,STR006,Operátor,35270.0,2022-01-02,Aktivní,Plný úvazek,urbanovajohana@example.org
EMP0434,Blanka,Valentová,STR021,Programátor,81952.0,2024-11-28,Aktivní,Plný úvazek,sedlakovadrahomira@example.net
EMP0435,Richard,Vaněk,STR047,Inženýr,49955.0,2023-10-19,Aktivní,Plný úvazek,jannemec@example.org
EMP0436,Anastázie,Říhová,STR008,Ředitel,84331.0,2023-10-07,Aktivní,Plný úvazek,okolarova@example.com
EMP0437,Leona,Müllerová,STR008,Analytik,93127.0,2020-11-11,Aktivní,Plný úvazek,lubomir55@example.com
EMP0438,Přemysl,Sedláčková,STR023,Asistent,75585.0,2024-06-17,Aktivní,Plný úvazek,danusesvecova@example.org
EMP0439,Emilie,Jaroš,STR009,Specialista,99863.0,2023-01-24,Aktivní,Plný úvazek,kralerik@example.org
EMP0440,Kristina,Stejskalová,STR022,Konzultant,67498.0,2019-03-23,Aktivní,Plný úvazek,polakrostislav@example.com
EMP0441,Matěj,Macháčková,STR046,Koordinátor,85733.0,2021-11-04,Aktivní,Plný úvazek,miluse27@example.net
EMP0442,Přemysl,Krejčová,STR024,Analytik,73964.0,2024-08-15,Neaktivní,Plný úvazek,pavlicekmikulas@example.org
EMP0443,Richard,Ševčík,STR011,Operátor,99146.0,2023-01-07,Neaktivní,Plný úvazek,dnavratilova@example.com
EMP0444,Aleš,Horáková,STR048,Asistent,28236.0,2021-06-15,Aktivní,Plný úvazek,horacekroman@example.net
EMP0445,Věra,Poláková,STR031,Obchodník,63234.0,2019-05-30,Aktivní,Plný úvazek,rberankova@example.com
EMP0446,Michaela,Ševčíková,STR036,Konzultant,112083.0,2019-04-16,Aktivní,Plný úvazek,khorvathova@example.org
EMP0447,Bořivoj,Vávrová,STR016,Programátor,112259.0,2022-07-03,Aktivní,Plný úvazek,kopeckyartur@example.com
EMP0448,Vlasta,Kopecká,STR037,Obchodník,38985.0,2019-10-08,Aktivní,Plný úvazek,irenazakova@example.com
EMP0449,Věra,Kratochvílová,STR034,Analytik,115775.0,2021-05-25,Aktivní,Plný úvazek,khruska@example.org
EMP0450,Aneta,Zemanová,STR050,Inženýr,56584.0,2022-01-22,Aktivní,Částečný úvazek,ivanek@example.org
EMP0451,Nikola,Králová,STR001,Obchodník,46462.0,2024-01-06,Neaktivní,Plný úvazek,moravecdusan@example.net
EMP0452,Štefan,Stejskal,STR030,Obchodník,82436.0,2021-08-12,Aktivní,Plný úvazek,musilovalada@example.com
EMP0453,Jaroslav,Čermáková,STR049,Konzultant,50552.0,2025-01-08,Aktivní,Plný úvazek,zakovakaterina@example.org
EMP0454,Jindřiška,Ševčíková,STR015,Asistent,59871.0,2019-02-28,Aktivní,Plný úvazek,bnovakova@example.org
EMP0455,Michael,Matějka,STR049,Správce,62617.0,2018-11-28,Aktivní,Plný úvazek,blaharadek@example.net
EMP0456,Blažena,Mašková,STR034,Technik,66623.0,2021-03-12,Aktivní,Plný úvazek,ukubicek@example.net
EMP0457,Danuše,Soukup,STR006,Analytik,112757.0,2022-01-12,Aktivní,Plný úvazek,gprokop@example.net
EMP0458,Josef,Kašpar,STR030,Specialista,35811.0,2023-01-26,Aktivní,Částečný úvazek,ferdinand42@example.net
EMP0459,Martin,Pavlík,STR041,Inženýr,64280.0,2020-05-22,Neaktivní,DPP,vacekotakar@example.org
EMP0460,Lucie,Horváthová,STR028,Správce,116708.0,2019-08-05,Aktivní,Plný úvazek,slavikmatous@example.net
EMP0461,Michaela,Vítek,STR021,Dispečer,101675.0,2021-10-27,Aktivní,Plný úvazek,ofiser@example.org
EMP0462,Mahulena,Jelínková,STR018,Technik,34871.0,2023-12-21,Aktivní,Plný úvazek,nelanavratilova@example.com
EMP0463,Hana,Machová,STR010,Účetní,43122.0,2020-02-12,Aktivní,Plný úvazek,zakovadita@example.net
EMP0464,Radka,Novotná,STR008,Asistent,60962.0,2023-06-15,Aktivní,Plný úvazek,bretislavprokop@example.com
EMP0465,Viktor,Brožová,STR030,Operátor,106428.0,2022-05-08,Aktivní,Plný úvazek,pavlikmatous@example.com
EMP0466,Božena,Tesař,STR046,Specialista,83504.0,2022-04-22,Aktivní,Plný úvazek,imachackova@example.net
EMP0467,Štěpánka,Tichý,STR006,Specialista,50836.0,2020-07-22,Aktivní,Plný úvazek,beranovadorota@example.net
EMP0468,Renata,Beran,STR004,Správce,55493.0,2024-08-26,Aktivní,Plný úvazek,hajkovasimona@example.com
EMP0469,Adam,Brožová,STR029,Asistent,96823.0,2023-06-06,Aktivní,Plný úvazek,tomanfrantisek@example.net
EMP0470,Drahomíra,Kratochvíl,STR007,Konzultant,101030.0,2024-01-28,Aktivní,Plný úvazek,ditasmidova@example.com
EMP0471,Adéla,Havel,STR050,Technik,40026.0,2019-08-02,Aktivní,Plný úvazek,janbilek@example.com
EMP0472,Edita,Štěpánková,STR038,Koordinátor,51812.0,2019-11-02,Aktivní,Plný úvazek,moravecdobroslav@example.net
EMP0473,Josef,Bárta,STR013,Dispečer,87431.0,2019-08-14,Aktivní,Plný úvazek,novotnydalibor@example.org
EMP0474,Vlasta,Ježková,STR008,Analytik,114690.0,2022-08-12,Aktivní,Plný úvazek,abednar@example.net
EMP0475,Ivona,Jaroš,STR047,Programátor,73644.0,2023-10-02,Aktivní,Plný úvazek,martin71@example.org
EMP0476,Ladislava,Havlíček,STR023,Technik,111564.0,2020-10-30,Aktivní,Plný úvazek,cernamarie@example.com
EMP0477,Dorota,Kolář,STR010,Analytik,84498.0,2023-11-23,Neaktivní,Plný úvazek,matous21@example.net
EMP0478,Aleš,Müllerová,STR032,Programátor,109216.0,2022-03-15,Aktivní,Plný úvazek,musilradek@example.net
EMP0479,Tomáš,Němečková,STR018,Programátor,40626.0,2019-11-17,Aktivní,Částečný úvazek,matejkavladimir@example.org
EMP0480,Jaroslav,Horák,STR041,Konzultant,78016.0,2021-09-08,Aktivní,Plný úvazek,vitekfelix@example.net
EMP0481,Ladislava,Tůma,STR031,Asistent,99892.0,2022-12-02,Aktivní,DPP,erika23@example.com
EMP0482,Jaromír,Pavlík,STR021,Programátor,52880.0,2024-07-11,Aktivní,Plný úvazek,mmatejkova@example.net
EMP0483,Božena,Žáková,STR002,Dispečer,102583.0,2021-05-08,Aktivní,Plný úvazek,stastnamagdalena@example.org
EMP0484,Zdislava,Moravcová,STR034,Obchodník,98549.0,2024-03-08,Aktivní,Plný úvazek,vmaly@example.com
EMP0485,Dita,Petrová,STR016,Správce,50186.0,2020-01-07,Aktivní,Plný úvazek,jarosovaviktorie@example.com
EMP0486,Libor,Novotný,STR037,Inženýr,118405.0,2021-05-09,Aktivní,Plný úvazek,mpavlikova@example.org
EMP0487,Antonín,Valenta,STR012,Technik,82512.0,2020-11-03,Aktivní,DPP,frantisekmarek@example.net
EMP0488,Miloslava,Vaněk,STR046,Specialista,60355.0,2019-03-18,Neaktivní,DPP,lslavikova@example.com
EMP0489,Ignác,Beran,STR037,Technik,104976.0,2020-06-27,Aktivní,Částečný úvazek,advorak@example.com
EMP0490,Vasyl,Bureš,STR012,Ředitel,31493.0,2022-05-11,Aktivní,Plný úvazek,maresovavlasta@example.com
EMP0491,Vladimíra,Vítková,STR002,Asistent,71975.0,2021-05-07,Aktivní,DPP,miluse61@example.net
EMP0492,Mojmír,Sedláček,STR009,Obchodník,93958.0,2021-02-25,Aktivní,Plný úvazek,kralovadaniela@example.net
EMP0493,Svatopluk,Král,STR010,Koordinátor,92832.0,2019-02-20,Aktivní,Plný úvazek,zstastny@example.net
EMP0494,František,Sýkora,STR024,Účetní,62370.0,2024-10-17,Aktivní,DPP,zbynek03@example.org
EMP0495,Nela,Janda,STR022,Operátor,57679.0,2020-01-10,Aktivní,Plný úvazek,mmullerova@example.org
EMP0496,Eliška,Růžičková,STR042,Obchodník,44027.0,2024-05-10,Aktivní,DPP,dostalalexandr@example.net
EMP0497,Matěj,Svobodová,STR015,Správce,82183.0,2022-11-23,Aktivní,Plný úvazek,hajkovavilma@example.com
EMP0498,Žofie,Ježková,STR047,Specialista,55096.0,2022-05-02,Aktivní,Plný úvazek,ilonamachackova@example.org
EMP0499,Aneta,Tichá,STR050,Koordinátor,30979.0,2023-04-14,Neaktivní,Plný úvazek,zemanovaandela@example.com
EMP0500,Mária,Růžička,STR041,Koordinátor,37578.0,2021-05-15,Aktivní,Plný úvazek,qdusek@example.net
